序号,链接,节点数
0,https://clash-meta.github.io/uploads/2024/11/0-20241101.txt,31
1,https://clash-meta.github.io/uploads/2024/11/1-20241101.txt,246
2,https://clash-meta.github.io/uploads/2024/11/2-20241101.txt,29
3,https://clash-meta.github.io/uploads/2024/11/3-20241101.txt,25
4,https://clash-meta.github.io/uploads/2024/11/4-20241101.txt,5
5,https://clashbk.github.io/wp-content/uploads/rss/20241030.txt,0
6,https://clashnode.com/wp-content/uploads/2024/11/20241101.txt,0
7,https://freev2rayclash.github.io/uploads/2024/11/0-20241101.txt,31
8,https://freev2rayclash.github.io/uploads/2024/11/1-20241101.txt,246
9,https://freev2rayclash.github.io/uploads/2024/11/2-20241101.txt,29
10,https://freev2rayclash.github.io/uploads/2024/11/3-20241101.txt,25
11,https://freev2rayclash.github.io/uploads/2024/11/4-20241101.txt,5
12,https://linuxclash.github.io/uploads/2024/10/0-20241031.txt,28
13,https://linuxclash.github.io/uploads/2024/10/1-20241031.txt,229
14,https://linuxclash.github.io/uploads/2024/10/2-20241031.txt,29
15,https://linuxclash.github.io/uploads/2024/10/3-20241031.txt,28
16,https://linuxclash.github.io/uploads/2024/10/4-20241031.txt,5
17,https://nodedog.githubrowcontent.com/2024/11/20241101.txt,27
18,https://nodefree.org/dy/2024/11/20241101.txt,50
19,https://oneclash.cc/wp-content/uploads/2024/11/20241101.txt,35
20,https://oneclash.githubrowcontent.com/dy/2024/10/20241030.txt,0
21,https://stashnode.github.io/uploads/2024/11/0-20241101.txt,31
22,https://stashnode.github.io/uploads/2024/11/1-20241101.txt,246
23,https://stashnode.github.io/uploads/2024/11/2-20241101.txt,29
24,https://stashnode.github.io/uploads/2024/11/3-20241101.txt,25
25,https://stashnode.github.io/uploads/2024/11/4-20241101.txt,5
26,https://v2rayshare.com/wp-content/uploads/2024/11/20241101.txt,50
27,https://vergeclash.github.io/uploads/2024/11/0-20241101.txt,31
28,https://vergeclash.github.io/uploads/2024/11/1-20241101.txt,246
29,https://vergeclash.github.io/uploads/2024/11/2-20241101.txt,29
30,https://vergeclash.github.io/uploads/2024/11/3-20241101.txt,25
31,https://vergeclash.github.io/uploads/2024/11/4-20241101.txt,5
32,https://wefound.cc/freenode/2024/10/20241030.txt,0
33,https://www.naidounode.com/node/20241101-v2ray.txt,33
34,http://104.168.244.47:12580/clash/proxies,0
35,http://141.147.161.50:12580/clash/proxies,1166
36,http://150.230.195.209:12580/clash/proxies,1297
37,http://155.248.172.106:12580/clash/proxies,1528
38,http://172.245.30.41/clash.yaml,223
39,http://174.137.58.32:12580/clash/proxies,0
40,http://174.137.58.32:12580/sip002/sub,0
41,http://174.137.58.32:12580/trojan/sub,0
42,http://174.137.58.32:12580/vmess/sub,0
43,http://175.178.182.178:12580/clash/proxies,219
44,http://66.42.50.118:12580/clash/proxies,296
45,http://beetle.lander.work/clash/proxies,0
46,http://free.iam8.shop/clash/proxies,0
47,http://pi.scntvb.ml:8080/clash/proxies,0
48,http://weoknow.com/data/dayupdate/1/z.txt,298
49,http://weoknow.com/data/dayupdate/2/z.txt,282
50,http://www.xrayvip.com/free.txt,9
51,https://9527521.xyz/pubconfig/YCw0l6R3PoDbGFq5,9
52,https://alienvpn402.github.io/AlienVPN402-subscribe-servers-sing-box,906
53,https://beetle.lander.work/clash/proxies,0
54,https://bitbucket.org/huwo1/proxy_nodes/raw/f31ca9ec67b84071515729ff45b011b6b09c10f2/clash.yaml,100
55,https://bitbucket.org/huwo1/proxy_nodes/raw/f31ca9ec67b84071515729ff45b011b6b09c10f2/proxy.md,183
56,https://bitbucket.org/huwo1/proxy_nodes/raw/f31ca9ec67b84071515729ff45b011b6b09c10f2/ss.md,128
57,https://bitbucket.org/huwo1/proxy_nodes/raw/f31ca9ec67b84071515729ff45b011b6b09c10f2/trojan.md,12
58,https://bitbucket.org/huwo1/proxy_nodes/raw/f31ca9ec67b84071515729ff45b011b6b09c10f2/vmess.md,43
59,https://bitbucket.org/huwo1/proxy_nodes/src/main,108
60,https://branch.blanku.me/,0
61,https://chromego-sub.netlify.app/sub/merged_proxies_new.yaml,230
62,https://clash.221207.xyz/pubclashyaml,203
63,https://clash.huiwg.cn/clash/proxies,2172
64,https://clash.myvm.cc/clash/proxies,0
65,https://clashe.eu.org/clash/proxies,26
66,https://drive.google.com/uc?export=download&id=1Gkg2Ru0fO7-4UDNEks5vBWEXih-6_DKW,6
67,https://dub.sh/kkovokkk,11
68,https://dy.vbar.fun/clash/proxies,2077
69,https://fastestcloud.xyz/api/v1/client/subscribe?token=c0a4aafbde9d90c05d1aebf0b2440778,0
70,https://fastly.jsdelivr.net/gh/peasoft/NoMoreWalls@master/list.txt,81
71,https://fragment-freevpnhomes-subscription.meshkintaj.homes,0
72,https://free.dswang.ga/clash/proxies,0
73,https://free.iam7.tk/clash/proxies,0
74,https://free.jingfu.cf/clash/proxies,0
75,https://free886.herokuapp.com/clash/proxies,0
76,https://freefq.neocities.org/free.txt,0
77,https://ghostcc.cc/ss.cn/cn.ovg,23
78,https://ghp.ci/https://github.com/dongchengjie/airport/raw/refs/heads/main/subs/merged/tested_within.yaml,132
79,https://ghp.ci/https://github.com/mahdibland/V2RayAggregator/raw/refs/heads/master/Eternity.yml,201
80,https://ghp.ci/https://github.com/mfbpn/mfbpn_nodes/raw/refs/heads/main/Eternity.yaml,1196
81,https://ghp.ci/https://github.com/qjlxg/aggregator/raw/refs/heads/main/data/clash.yaml,246
82,https://ghp.ci/https://github.com/thuhollow2/myconfig/raw/refs/heads/main/config.yaml,0
83,https://ghp.ci/https://github.com/yaney01/autoproxy/raw/refs/heads/master/Eternity.yml,201
84,https://ghp.ci/https://raw.githubusercontent.com/soroushmirzaei/telegram-configs-collector/main/splitted/mixed,2662
85,https://ghp.ci/https://raw.githubusercontent.com/thefatedefeater/v2ray-worker-sub/refs/heads/master/Eternity.yml,201
86,https://ghproxy.com//raw.githubusercontent.com/yaney01/Yaney01/main/yaney_01,0
87,https://git.codeproxy.net/Pawdroid/Free-servers/raw/main/sub,4
88,https://git.codeproxy.net/ts-sf/fly/raw/main/clash,200
89,https://git.codeproxy.net/tuannotfound/V2ray-update/raw/main/mang.txt,61
90,https://git.codeproxy.net/xbuffer/ClashData/raw/93894a3d290462ba330d6a4b24bc4fb9f2f573e1/Eternity.yaml,91
91,https://github.com/3yed82/TVC/raw/refs/heads/main/config.txt,489
92,https://github.com/9Knight9n/v2ray-aggregator/raw/refs/heads/main/merged_24h.txt,286
93,https://github.com/DivineGlaive/TGParse/raw/refs/heads/main/configtg.txt,139
94,https://github.com/Epodonios/v2ray-configs/raw/main/All_Configs_Sub.txt,3755
95,https://github.com/Flikify/getNode/raw/main/clash.yaml,22
96,https://github.com/GreenFishStudio/GreenFish,0
97,https://github.com/LalatinaHub/Mineral/raw/refs/heads/master/result/nodes,0
98,https://github.com/Lewis-1217/FreeNodes,2579
99,https://github.com/MrMohebi/xray-proxy-grabber-telegram/raw/master/collected-proxies/row-url/all.txt,783
100,https://github.com/Pawdroid/Free-servers/raw/main/sub,4
101,https://github.com/YasserDivaR/pr0xy,2629
102,https://github.com/adafhu/laya/raw/master/Eternity,193
103,https://github.com/adafhu/laya/raw/master/Eternity.yaml,193
104,https://github.com/barry-far/V2ray-Configs/raw/refs/heads/main/All_Configs_Sub.txt,4346
105,https://github.com/coldwater-10/V2ray-Config/raw/refs/heads/main/All_Configs_Sub.txt,16299
106,https://github.com/coldwater-10/V2ray-Configs/raw/refs/heads/main/All_Configs_Sub.txt,18306
107,https://github.com/darknessm427/IranConfigCollector/raw/refs/heads/main/Allconfig,373
108,https://github.com/dimzon/scaling-sniffle/raw/refs/heads/main/all-domains-dedup-sort.txt,3888
109,https://github.com/dimzon/scaling-sniffle/raw/refs/heads/main/all-domains-sort.txt,7798
110,https://github.com/dimzon/scaling-sniffle/raw/refs/heads/main/all-ip-resolve-sort.txt,7805
111,https://github.com/dimzon/scaling-sniffle/raw/refs/heads/main/all-sort.txt,9741
112,https://github.com/ew732e8d8h1hi/q832yqwdu21u,0
113,https://github.com/freebaipiao/freebaipiao,2622
114,https://github.com/freefq/free,2637
115,https://github.com/gooooooooooooogle/Clash-Config,2536
116,https://github.com/hermanb001/ProxyTest,2758
117,https://github.com/hkpc/V2ray-Configs/raw/main/All_Configs_Sub.txt,5837
118,https://github.com/imyaoxp/clashnode/raw/a482368ee1284bc7169a4ab5112701c85166a161/sub/sub_merge_yaml.yml,788
119,https://github.com/imyaoxp/clashnode/raw/be95cefc4250f766062d4e9cbe6031195294f1b2/sub/sub_merge_yaml.yml,920
120,https://github.com/imyaoxp/nodes/raw/main/Eternity.yaml,597
121,https://github.com/imyaoxp/nodes/raw/main/sub/sub_merge.txt,3618
122,https://github.com/ldir92664/Vmess-Actions,0
123,https://github.com/learnhard-cn/free_proxy_ss,2575
124,https://github.com/linzjian666/chromego_extractor/raw/main/outputs/clash_meta.yaml,8
125,https://github.com/lisylva-lee/v2dyku,0
126,https://github.com/mahdibland/ShadowsocksAggregator,0
127,https://github.com/mahdibland/get_v2,2475
128,https://github.com/mfbpn/nodelist/raw/bf1d2006c304726a7827fbd7ddd5aab2e94f672e/sub/sub_merge_yaml.yml,1353
129,https://github.com/mfuu/v2ray/raw/master/v2ray,91
130,https://github.com/mhmhone/shadowrocket-free-subscribe,2484
131,https://github.com/miladtahanian/V2RayCFGDumper/raw/main/config.txt,145
132,https://github.com/mksshare/mksshare.github.io/raw/main/README.md,69
133,https://github.com/qjlxg/YBSub/raw/master/sub/share/available,7804
134,https://github.com/qjlxg/YBSub/raw/master/sub/share/ss,1728
135,https://github.com/qjlxg/YBSub/raw/master/sub/share/ssr,7
136,https://github.com/qjlxg/YBSub/raw/master/sub/share/tr,907
137,https://github.com/qjlxg/YBSub/raw/master/sub/share/v2,5162
138,https://github.com/qjlxg/aggregator/raw/refs/heads/main/data/clash.yaml,246
139,https://github.com/qjlxg/genode/raw/refs/heads/main/public/ss.txt,1727
140,https://github.com/qjlxg/genode/raw/refs/heads/main/public/ssr.txt,7
141,https://github.com/qjlxg/genode/raw/refs/heads/main/public/trojan.txt,880
142,https://github.com/qjlxg/genode/raw/refs/heads/main/public/vmess.txt,3673
143,https://github.com/qjlxg/hy2/raw/refs/heads/main/configtg.txt,13955
144,https://github.com/qjlxg/hy2/raw/refs/heads/main/splitted/ss,428
145,https://github.com/qjlxg/hy2/raw/refs/heads/main/splitted/trojan,171
146,https://github.com/qjlxg/hy2/raw/refs/heads/main/splitted/vless,3168
147,https://github.com/qjlxg/hy2/raw/refs/heads/main/splitted/vmess,313
148,https://github.com/qjlxg/proxy-minging/raw/refs/heads/main/v2ray.txt,2930
149,https://github.com/qjlxg/py/raw/refs/heads/main/data/v2ray.txt,46
150,https://github.com/rzhy1/11/raw/master/sub/sub_merge_filtered.txt,1588
151,https://github.com/shabane/kamaji/raw/refs/heads/master/hub/b64/merged.txt,2210
152,https://github.com/skywrt/v2ray-configs/raw/refs/heads/main/All_Configs_Sub.txt,9157
153,https://github.com/songtao1873/providers,0
154,https://github.com/subat0mik/Misconfiguration-Manager/tree/main/attack-techniques,2268
155,https://github.com/thuhollow2/cn/raw/refs/heads/main/Trojan/trojanconfig.yaml,2
156,https://github.com/thuhollow2/cn/raw/refs/heads/main/Trojan/trojanconfig1.yaml,2
157,https://github.com/thuhollow2/cn/raw/refs/heads/main/Trojan/trojanconfig2.yaml,2
158,https://github.com/thuhollow2/cn/raw/refs/heads/main/Trojan/trojanconfig3.yaml,2
159,https://github.com/thuhollow2/cn/raw/refs/heads/main/Trojan/trojanconfig4.yaml,2
160,https://github.com/thuhollow2/cn/raw/refs/heads/main/Trojan/trojanconfig5.yaml,2
161,https://github.com/thuhollow2/cn/raw/refs/heads/main/Trojan/trojanconfig6.yaml,2
162,https://github.com/thuhollow2/cn/raw/refs/heads/main/Trojan/trojanconfig7.yaml,2
163,https://github.com/thuhollow2/cn/raw/refs/heads/main/Trojan/trojanconfig8.yaml,2
164,https://github.com/thuhollow2/cn/raw/refs/heads/main/Trojan/trojanconfig9.yaml,2
165,https://github.com/thuhollow2/cn/raw/refs/heads/main/Trojan/trojanconfig_a.yaml,2
166,https://github.com/thuhollow2/cn/raw/refs/heads/main/Vless/vlessconfig.yaml,2
167,https://github.com/thuhollow2/cn/raw/refs/heads/main/Vless/vlessconfig1.yaml,2
168,https://github.com/thuhollow2/cn/raw/refs/heads/main/Vless/vlessconfig2.yaml,2
169,https://github.com/thuhollow2/cn/raw/refs/heads/main/Vless/vlessconfig3.yaml,2
170,https://github.com/thuhollow2/cn/raw/refs/heads/main/Vless/vlessconfig4.yaml,2
171,https://github.com/thuhollow2/cn/raw/refs/heads/main/Vless/vlessconfig5.yaml,2
172,https://github.com/thuhollow2/cn/raw/refs/heads/main/Vless/vlessconfig6.yaml,3
173,https://github.com/thuhollow2/cn/raw/refs/heads/main/Vless/vlessconfig7.yaml,3
174,https://github.com/thuhollow2/cn/raw/refs/heads/main/Vless/vlessconfig8.yaml,2
175,https://github.com/thuhollow2/cn/raw/refs/heads/main/Vless/vlessconfig9.yaml,2
176,https://github.com/thuhollow2/cn/raw/refs/heads/main/Vless/vlessconfig_a.yaml,2
177,https://github.com/thuhollow2/cn/raw/refs/heads/main/Vmess/vmessconfig.yaml,8
178,https://github.com/thuhollow2/cn/raw/refs/heads/main/Vmess/vmessconfig1.yaml,9
179,https://github.com/thuhollow2/cn/raw/refs/heads/main/Vmess/vmessconfig2.yaml,9
180,https://github.com/thuhollow2/cn/raw/refs/heads/main/Vmess/vmessconfig3.yaml,8
181,https://github.com/thuhollow2/cn/raw/refs/heads/main/Vmess/vmessconfig4.yaml,9
182,https://github.com/thuhollow2/cn/raw/refs/heads/main/Vmess/vmessconfig5.yaml,8
183,https://github.com/thuhollow2/cn/raw/refs/heads/main/Vmess/vmessconfig6.yaml,10
184,https://github.com/thuhollow2/cn/raw/refs/heads/main/Vmess/vmessconfig7.yaml,10
185,https://github.com/thuhollow2/cn/raw/refs/heads/main/Vmess/vmessconfig8.yaml,9
186,https://github.com/thuhollow2/cn/raw/refs/heads/main/Vmess/vmessconfig9.yaml,10
187,https://github.com/thuhollow2/cn/raw/refs/heads/main/Vmess/vmessconfig_a.yaml,2
188,https://github.com/thuhollow2/myconfig/raw/refs/heads/main/Trojan/trojanconfig.yaml,25
189,https://github.com/thuhollow2/myconfig/raw/refs/heads/main/Trojan/trojanconfig1.yaml,15
190,https://github.com/thuhollow2/myconfig/raw/refs/heads/main/Trojan/trojanconfig2.yaml,15
191,https://github.com/thuhollow2/myconfig/raw/refs/heads/main/Trojan/trojanconfig3.yaml,26
192,https://github.com/thuhollow2/myconfig/raw/refs/heads/main/Trojan/trojanconfig4.yaml,21
193,https://github.com/thuhollow2/myconfig/raw/refs/heads/main/Trojan/trojanconfig5.yaml,30
194,https://github.com/thuhollow2/myconfig/raw/refs/heads/main/Trojan/trojanconfig6.yaml,23
195,https://github.com/thuhollow2/myconfig/raw/refs/heads/main/Trojan/trojanconfig7.yaml,25
196,https://github.com/thuhollow2/myconfig/raw/refs/heads/main/Trojan/trojanconfig8.yaml,28
197,https://github.com/thuhollow2/myconfig/raw/refs/heads/main/Trojan/trojanconfig9.yaml,44
198,https://github.com/thuhollow2/myconfig/raw/refs/heads/main/Trojan/trojanconfig_a.yaml,4
199,https://github.com/thuhollow2/myconfig/raw/refs/heads/main/Vless/vlessconfig.yaml,250
200,https://github.com/thuhollow2/myconfig/raw/refs/heads/main/Vless/vlessconfig1.yaml,305
201,https://github.com/thuhollow2/myconfig/raw/refs/heads/main/Vless/vlessconfig2.yaml,384
202,https://github.com/thuhollow2/myconfig/raw/refs/heads/main/Vless/vlessconfig3.yaml,478
203,https://github.com/thuhollow2/myconfig/raw/refs/heads/main/Vless/vlessconfig4.yaml,456
204,https://github.com/thuhollow2/myconfig/raw/refs/heads/main/Vless/vlessconfig5.yaml,430
205,https://github.com/thuhollow2/myconfig/raw/refs/heads/main/Vless/vlessconfig6.yaml,326
206,https://github.com/thuhollow2/myconfig/raw/refs/heads/main/Vless/vlessconfig7.yaml,274
207,https://github.com/thuhollow2/myconfig/raw/refs/heads/main/Vless/vlessconfig8.yaml,153
208,https://github.com/thuhollow2/myconfig/raw/refs/heads/main/Vless/vlessconfig9.yaml,104
209,https://github.com/thuhollow2/myconfig/raw/refs/heads/main/Vless/vlessconfig_a.yaml,24
210,https://github.com/thuhollow2/myconfig/raw/refs/heads/main/Vmess/vmessconfig.yaml,191
211,https://github.com/thuhollow2/myconfig/raw/refs/heads/main/Vmess/vmessconfig1.yaml,115
212,https://github.com/thuhollow2/myconfig/raw/refs/heads/main/Vmess/vmessconfig2.yaml,106
213,https://github.com/thuhollow2/myconfig/raw/refs/heads/main/Vmess/vmessconfig3.yaml,111
214,https://github.com/thuhollow2/myconfig/raw/refs/heads/main/Vmess/vmessconfig4.yaml,124
215,https://github.com/thuhollow2/myconfig/raw/refs/heads/main/Vmess/vmessconfig5.yaml,144
216,https://github.com/thuhollow2/myconfig/raw/refs/heads/main/Vmess/vmessconfig6.yaml,129
217,https://github.com/thuhollow2/myconfig/raw/refs/heads/main/Vmess/vmessconfig7.yaml,127
218,https://github.com/thuhollow2/myconfig/raw/refs/heads/main/Vmess/vmessconfig8.yaml,129
219,https://github.com/thuhollow2/myconfig/raw/refs/heads/main/Vmess/vmessconfig9.yaml,110
220,https://github.com/thuhollow2/myconfig/raw/refs/heads/main/Vmess/vmessconfig_a.yaml,16
221,https://github.com/ts-sf/fly/raw/main/clash,200
222,https://github.com/tuannotfound/V2ray-update/raw/main/mang.txt,61
223,https://github.com/vxiaov/free_proxies/raw/refs/heads/main/clash/clash.provider.yaml,98
224,https://github.com/xbuffer/ClashData/raw/main/Eternity.yaml,91
225,https://github.com/xiyaowong/freeFQ,2387
226,https://github.com/xrayfree/free-ssr-ss-v2ray-vpn-clash,2535
227,https://github.com/yaney01/Yaney01,2561
228,https://github.com/yuan2pro/sub_merge/raw/main/sub/0.yaml,0
229,https://github.com/yuan2pro/sub_merge/raw/main/sub/1.yaml,1024
230,https://github.com/yuan2pro/sub_merge/raw/main/sub/2.yaml,0
231,https://github.com/yuan2pro/sub_merge/raw/main/sub/3.yaml,1024
232,https://github.com/yuan2pro/sub_merge/raw/main/sub/4.yaml,0
233,https://github.com/yuan2pro/sub_merge/raw/main/sub/5.yaml,1024
234,https://github.com/yuan2pro/sub_merge/raw/main/sub/6.yaml,0
235,https://github.com/yuan2pro/sub_merge/raw/main/sub/7.yaml,557
236,https://github.com/yuan2pro/sub_merge/raw/main/sub/8.yaml,0
237,https://gitlab.com/mfuu/v2ray/-/raw/master/clash.yaml,90
238,https://gitlab.com/univstar1/v2ray/-/raw/main/data/clash/general.yaml,197
239,https://hellopool.herokuapp.com/clash/proxies,0
240,https://hiddify-freevpnhomes-subscription.meshkintaj.homes,0
241,https://hin.isherv.in/#@proxy_kafee%20mci%20sub%204,253
242,https://iwxf.netlify.app,39
243,https://jiang.netlify.app,245
244,https://klausvpn.posyao.com/clash/proxies,0
245,https://laxcity.pages.dev/clash/proxies,0
246,https://mrsp137.github.io/NewSub_FREEV2RNG/@FREEV2RNG#FreeV2rng-1,34
247,https://muma16fx.netlify.app,20
248,https://my5353.com/bmCUK,14
249,https://nekocandy.pages.dev/sub,0
250,https://nodefree.org/dy/2024/03/20240320.txt,50
251,https://oss.v2rayse.com/proxies/data/2024-03-20/2u1ntze.txt,0
252,https://owo.o00o.ooo/ooo,157
253,https://pc.adlionvm.tk/clash/proxies,0
254,https://proxies.bihai.cf/clash/proxies,0
255,https://proxies.haisto.cn/clash/proxies,0
256,https://proxy.crazygeeky.com/clash/proxies,0
257,https://proxy.crazygeeky.com/sip002/sub,281
258,https://proxy.crazygeeky.com/ssr/sub,2
259,https://proxy.crazygeeky.com/trojan/sub,16
260,https://proxy.crazygeeky.com/vmess/sub,330
261,https://proxy.fldhhhhhh.top/clash/proxies,0
262,https://proxy.purel.in/clash/proxies,0
263,https://proxy.yiun.xyz/clash/proxies,0
264,https://proxy.yugogo.xyz/clash/proxies,0
265,https://proxypool.assists.ai/clash/proxies,0
266,https://proxypool.laowang.me/clash/proxies,0
267,https://proxypool.link/clash/proxies,1211
268,https://proxypool.link/sip002/sub,869
269,https://proxypool.link/trojan/sub,37
270,https://proxypool.link/vmess/sub,304
271,https://proxypool.toshiki.top/clash/proxies,44
272,https://proxypool1999.banyunxiaoxi.icu/clash/proxies,0
273,https://pxypool.131433.xyz/clash/proxies,151
274,https://raw.daycat.space/Clash.yaml,14
275,https://raw.github.com/Lewis-1217/FreeNodes/main/bpjzx1,33
276,https://raw.githubusercontent.com/0x24a/FreeNodes/main/subs/main.txt,6007
277,https://raw.githubusercontent.com/1Shervin/Sub/main/v2ray,206
278,https://raw.githubusercontent.com/245237866/v2rayn/main/everydaynode,410
279,https://raw.githubusercontent.com/3yed-61/V2rayCollector/main/sub/vmess,39
280,https://raw.githubusercontent.com/69z1zfw2fly/fly/main/2.yaml,74
281,https://raw.githubusercontent.com/9Fork/openit/main/Clash.yaml,0
282,https://raw.githubusercontent.com/9Knight9n/v2ray-aggregator/main/merged_24h.txt,286
283,https://raw.githubusercontent.com/ALIILAPRO/v2rayNG-Config/main/server.txt,818
284,https://raw.githubusercontent.com/ALIILAPRO/v2rayNG-Config/main/sub.txt,818
285,https://raw.githubusercontent.com/Airuop/cross/master/Eternity,200
286,https://raw.githubusercontent.com/AlienVPN402/Clash-Subscribe/main/index.html,659
287,https://raw.githubusercontent.com/AlienVPN402/SFA-Config-Servers/main/index.html,1931
288,https://raw.githubusercontent.com/AlienVPN402/Surfboard-Subscribe/main/index.html,4312
289,https://raw.githubusercontent.com/Alvin9999/pac2/master/SS-Kcptun/ssconfig.txt,0
290,https://raw.githubusercontent.com/Alvin9999/pac2/master/SSR/ssconfig.txt,177
291,https://raw.githubusercontent.com/Alvin9999/pac2/master/clash.meta2/1/config.yaml,101
292,https://raw.githubusercontent.com/Alvin9999/pac2/master/clash.meta2/config.yaml,4
293,https://raw.githubusercontent.com/Alvin9999/pac2/master/clash/1/config.yaml,12
294,https://raw.githubusercontent.com/Alvin9999/pac2/master/clash/13/config.yaml,12
295,https://raw.githubusercontent.com/Alvin9999/pac2/master/clash/2/config.yaml,22
296,https://raw.githubusercontent.com/Alvin9999/pac2/master/clash/3/config.yaml,22
297,https://raw.githubusercontent.com/Alvin9999/pac2/master/clash/config.yaml,22
298,https://raw.githubusercontent.com/Alvin9999/pac2/master/ssconfig.txt,58
299,https://raw.githubusercontent.com/Amirinventor2010/warp-on-hiddify/main/gulagVPN,226
300,https://raw.githubusercontent.com/Ashkan-m/v2ray/main/Sub.txt,75
301,https://raw.githubusercontent.com/Ashkan-m/v2ray/main/Sub_NoTest.txt,0
302,https://raw.githubusercontent.com/AzadNetCH/Clash/main/AzadNet.yml,0
303,https://raw.githubusercontent.com/AzadNetCH/Clash/main/AzadNet_IRAN-Direct1.yml,0
304,https://raw.githubusercontent.com/AzadNetCH/Clash/main/AzadNet_IRAN-Direct2.yml,0
305,https://raw.githubusercontent.com/AzadNetCH/Clash/main/AzadNet_META_IRAN-Direct.yml,1182
306,https://raw.githubusercontent.com/AzadNetCH/Clash/main/AzadNet_iOS.txt,2709
307,https://raw.githubusercontent.com/BUTUbird/ClashPoint/main/application.yaml,16
308,https://raw.githubusercontent.com/Barabama/FreeNodes/master/nodes/blues.txt,539
309,https://raw.githubusercontent.com/Barabama/FreeNodes/master/nodes/kkzui.txt,177
310,https://raw.githubusercontent.com/Barabama/FreeNodes/master/nodes/merged.txt,327
311,https://raw.githubusercontent.com/Barabama/FreeNodes/master/nodes/nodefree.txt,50
312,https://raw.githubusercontent.com/Barabama/FreeNodes/master/nodes/v2rayshare.txt,50
313,https://raw.githubusercontent.com/Barabama/FreeNodes/master/nodes/wenode.txt,50
314,https://raw.githubusercontent.com/Barabama/FreeNodes/master/nodes/yudou66.txt,193
315,https://raw.githubusercontent.com/Barabama/FreeNodes/master/nodes/zyfxs.txt,163
316,https://raw.githubusercontent.com/C4ssif3r/V2ray-sub/main/all.txt,0
317,https://raw.githubusercontent.com/Creativveb/v2configs/main/updated,83
318,https://raw.githubusercontent.com/Daphnemgt/jiedian/main/v2ray,315
319,https://raw.githubusercontent.com/DoveBoy/Vmess-Actions/main/subscribe/clash.yaml,0
320,https://raw.githubusercontent.com/Ennzo0/V2ray/main/all.txt,37
321,https://raw.githubusercontent.com/Epodonios/bulk-xray-v2ray-vless-vmess-...-configs/main/sub/France/config.txt,18
322,https://raw.githubusercontent.com/Epodonios/bulk-xray-v2ray-vless-vmess-...-configs/main/sub/Germany/config.txt,36
323,https://raw.githubusercontent.com/Epodonios/bulk-xray-v2ray-vless-vmess-...-configs/main/sub/Ireland/config.txt,23
324,https://raw.githubusercontent.com/Epodonios/bulk-xray-v2ray-vless-vmess-...-configs/main/sub/Sweden/config.txt,30
325,https://raw.githubusercontent.com/Epodonios/bulk-xray-v2ray-vless-vmess-...-configs/main/sub/United%20Kingdom/config.txt,30
326,https://raw.githubusercontent.com/Epodonios/bulk-xray-v2ray-vless-vmess-...-configs/main/sub/United%20States/config.txt,238
327,https://raw.githubusercontent.com/Epodonios/v2ray-configs/main/All_Configs_Sub.txt,3755
328,https://raw.githubusercontent.com/Epodonios/v2ray-configs/main/All_Configs_base64_Sub.txt,3755
329,https://raw.githubusercontent.com/Epodonios/v2ray-configs/main/Config%20list1.txt,508
330,https://raw.githubusercontent.com/Epodonios/v2ray-configs/main/Config%20list2.txt,500
331,https://raw.githubusercontent.com/Epodonios/v2ray-configs/main/Config%20list3.txt,500
332,https://raw.githubusercontent.com/Epodonios/v2ray-configs/main/Config%20list4.txt,500
333,https://raw.githubusercontent.com/Epodonios/v2ray-configs/main/Config%20list5.txt,500
334,https://raw.githubusercontent.com/Epodonios/v2ray-configs/main/Config%20list6.txt,500
335,https://raw.githubusercontent.com/Epodonios/v2ray-configs/main/Splitted-By-Protocol/ss.txt,870
336,https://raw.githubusercontent.com/Epodonios/v2ray-configs/main/Splitted-By-Protocol/trojan.txt,538
337,https://raw.githubusercontent.com/Epodonios/v2ray-configs/main/Splitted-By-Protocol/vless.txt,1993
338,https://raw.githubusercontent.com/Epodonios/v2ray-configs/main/Splitted-By-Protocol/vmess.txt,320
339,https://raw.githubusercontent.com/Everyday-VPN/Everyday-VPN/main/subscription/main.txt,3
340,https://raw.githubusercontent.com/FNET00bot/FNET00BOT/Config/App/BeVPN,30
341,https://raw.githubusercontent.com/FNET00bot/FNET00BOT/Config/Main,205
342,https://raw.githubusercontent.com/Flik6/getNode/main/clash.yaml,22
343,https://raw.githubusercontent.com/HakurouKen/free-node/main/public,124
344,https://raw.githubusercontent.com/HenryPorternew/sbs/main/ssb/sw,1352
345,https://raw.githubusercontent.com/Huibq/TrojanLinks/master/links/ss,18
346,https://raw.githubusercontent.com/Huibq/TrojanLinks/master/links/ss_with_plugin,15
347,https://raw.githubusercontent.com/Huibq/TrojanLinks/master/links/ssr,20
348,https://raw.githubusercontent.com/Huibq/TrojanLinks/master/links/temporary,137
349,https://raw.githubusercontent.com/Huibq/TrojanLinks/master/links/trojan,32
350,https://raw.githubusercontent.com/Huibq/TrojanLinks/master/links/vless,21
351,https://raw.githubusercontent.com/Huibq/TrojanLinks/master/links/vmess,45
352,https://raw.githubusercontent.com/Huibq/TrojanLinks/master/links/vmess#ignore=vmess,45
353,https://raw.githubusercontent.com/ImMyron/V2ray/main/HY%20%26%20TU,110
354,https://raw.githubusercontent.com/ImMyron/V2ray/main/Hamrahaval,150
355,https://raw.githubusercontent.com/ImMyron/V2ray/main/Irancell,150
356,https://raw.githubusercontent.com/ImMyron/V2ray/main/Mokhaberat,149
357,https://raw.githubusercontent.com/ImMyron/V2ray/main/Telegram,150
358,https://raw.githubusercontent.com/ImMyron/V2ray/main/Web,100
359,https://raw.githubusercontent.com/IranianCypherpunks/SingBox/main/Sub,175
360,https://raw.githubusercontent.com/IranianCypherpunks/sub/main/config,0
361,https://raw.githubusercontent.com/Jason05211211/Freerocket/main/freessr,28
362,https://raw.githubusercontent.com/Jia-Pingwa/free-v2ray-merge/main/output.txt,330
363,https://raw.githubusercontent.com/JieErJingFu/FreeNodesV2RayorTrojan_20210113-/main/EncryptedFreeNodes.txt,94
364,https://raw.githubusercontent.com/Jsnzkpg/Jsnzkpg/Jsnzkpg/Jsnzkpg,7
365,https://raw.githubusercontent.com/Junely/clash/main/template3.yaml,492
366,https://raw.githubusercontent.com/Kenny-Bob/DIANDIAN/main/point,493
367,https://raw.githubusercontent.com/Kwinshadow/TelegramV2rayCollector/main/sublinks/b64mix.txt,119
368,https://raw.githubusercontent.com/Kwinshadow/TelegramV2rayCollector/main/sublinks/b64vless.txt,107
369,https://raw.githubusercontent.com/Kwinshadow/TelegramV2rayCollector/main/sublinks/mix.txt,119
370,https://raw.githubusercontent.com/Kwinshadow/TelegramV2rayCollector/main/sublinks/vless.txt,107
371,https://raw.githubusercontent.com/Leon406/SubCrawler/main/sub/share/all,0
372,https://raw.githubusercontent.com/Leon406/SubCrawler/main/sub/share/ss,239
373,https://raw.githubusercontent.com/Leon406/SubCrawler/main/sub/share/ssr,1
374,https://raw.githubusercontent.com/Leon406/SubCrawler/main/sub/share/tr,54
375,https://raw.githubusercontent.com/Leon406/SubCrawler/main/sub/share/v2,339
376,https://raw.githubusercontent.com/Leon406/SubCrawler/master/sub/share/vless,2842
377,https://raw.githubusercontent.com/Lewis-1217/FreeNodes/main/bpjzx1,33
378,https://raw.githubusercontent.com/Lewis-1217/FreeNodes/main/bpjzx2,6
379,https://raw.githubusercontent.com/LonUp/NodeList/main/Clash/Node/Latest.yaml,1451
380,https://raw.githubusercontent.com/LonUp/NodeList/main/Clash/Node/Latest_Meta.yaml,2048
381,https://raw.githubusercontent.com/LonUp/NodeList/main/V2RAY/Latest.txt,136
382,https://raw.githubusercontent.com/LonUp/NodeList/main/V2RAY/Latest_base64.txt,136
383,https://raw.githubusercontent.com/Lukeehujt/Clash_node/master/config.yaml,92
384,https://raw.githubusercontent.com/M450ud/PrList/main/dsl.txt,91
385,https://raw.githubusercontent.com/M450ud/PrList/main/prx.txt,173
386,https://raw.githubusercontent.com/MOnday9907/v2ray/main/v2ray.txt,12
387,https://raw.githubusercontent.com/Mahanfix/v2rayvpn/main/mahanfix,1
388,https://raw.githubusercontent.com/Mahdi0024/ProxyCollector/master/sub/proxies.txt,1675
389,https://raw.githubusercontent.com/MhdiTaheri/V2rayCollector/main/sub/hysteriabase64,86
390,https://raw.githubusercontent.com/MhdiTaheri/V2rayCollector/main/sub/mix,2431
391,https://raw.githubusercontent.com/MhdiTaheri/V2rayCollector/main/sub/ss,1064
392,https://raw.githubusercontent.com/MhdiTaheri/V2rayCollector/main/sub/ssbase64,1064
393,https://raw.githubusercontent.com/MhdiTaheri/V2rayCollector/main/sub/trojanbase64,144
394,https://raw.githubusercontent.com/MhdiTaheri/V2rayCollector/main/sub/tuicbase64,86
395,https://raw.githubusercontent.com/MhdiTaheri/V2rayCollector/main/sub/vless,868
396,https://raw.githubusercontent.com/MhdiTaheri/V2rayCollector/main/sub/vmess,193
397,https://raw.githubusercontent.com/MhdiTaheri/V2rayCollector_Py/main/sub/Mix/mix.txt,509
398,https://raw.githubusercontent.com/MiSaturo/WarpScanner/main/point/endip.sh,212
399,https://raw.githubusercontent.com/MinoVpnCh/my-Channel/main/MinoVpnCh.txt,1
400,https://raw.githubusercontent.com/Misaka-blog/chromego_merge/main/sub/merged_proxies_new.yaml,230
401,https://raw.githubusercontent.com/Mohammadgb0078/IRV2ray/main/vless.txt,266
402,https://raw.githubusercontent.com/Mohammadgb0078/IRV2ray/main/vmess.txt,37
403,https://raw.githubusercontent.com/Mr-Amirr-00/Sub-Config-V2ray/Config/Export-APP-FastRay,24
404,https://raw.githubusercontent.com/Mr-Amirr-00/Sub-Config-V2ray/Config/Export-APP-GreenNet,48
405,https://raw.githubusercontent.com/Mr-Amirr-00/Sub-Config-V2ray/Config/Export-APP-HotVPN,21
406,https://raw.githubusercontent.com/Mr-Amirr-00/Sub-Config-V2ray/Config/Renamed-config-channel-workers,385
407,https://raw.githubusercontent.com/Mr8AHAL/v2ray/main/SERVER.txt,26
408,https://raw.githubusercontent.com/MrMohebi/xray-proxy-grabber-telegram/master/collected-proxies/clash-meta/all.yaml,0
409,https://raw.githubusercontent.com/MrMohebi/xray-proxy-grabber-telegram/master/collected-proxies/row-url/actives.txt,158
410,https://raw.githubusercontent.com/MrMohebi/xray-proxy-grabber-telegram/master/collected-proxies/row-url/all.txt,783
411,https://raw.githubusercontent.com/MrPooyaX/SansorchiFucker/main/data.txt,13
412,https://raw.githubusercontent.com/MrPooyaX/VpnsFucking/main/BeVpn.txt,30
413,https://raw.githubusercontent.com/MrPooyaX/VpnsFucking/main/Shenzo.txt,20
414,https://raw.githubusercontent.com/NiREvil/vless/main/hiddify/WarpOnWarp.json,214
415,https://raw.githubusercontent.com/NiREvil/vless/main/sub/SSTime,577
416,https://raw.githubusercontent.com/NiREvil/vless/main/sub/clash-meta.yml,449
417,https://raw.githubusercontent.com/NiREvil/vless/main/sub/freedom,283
418,https://raw.githubusercontent.com/NiREvil/vless/main/sub/wireguardn,49
419,https://raw.githubusercontent.com/NiREvil/vless/main/sub/wireguardv,80
420,https://raw.githubusercontent.com/NicProxy/V2ray/main/configs,15
421,https://raw.githubusercontent.com/NiceVPN123/NiceVPN/main/Clash.yaml,3646
422,https://raw.githubusercontent.com/PangTouY00/Auto_proxy/main/Long_term_subscription_num,1625
423,https://raw.githubusercontent.com/Pawdroid/Free-servers/main/README.md,82
424,https://raw.githubusercontent.com/Pawdroid/Free-servers/main/sub,4
425,https://raw.githubusercontent.com/QQnight/SubCrawler/main/sub/share/all,2131
426,https://raw.githubusercontent.com/RaymondHarris971/ssrsub/master/9a075bdee5.txt,15
427,https://raw.githubusercontent.com/Reza-sal/shervin/main/MCI,64
428,https://raw.githubusercontent.com/Rokate/Proxy-Sub/main/clash/clash_ssr.yml,0
429,https://raw.githubusercontent.com/Rokate/Proxy-Sub/main/clash/clash_trojan.yml,0
430,https://raw.githubusercontent.com/Rokate/Proxy-Sub/main/clash/clash_v2ray.yml,0
431,https://raw.githubusercontent.com/Ruk1ng001/freeSub/main/clash.yaml,182
432,https://raw.githubusercontent.com/Ruk1ng001/freeSub/main/v2ray,157
433,https://raw.githubusercontent.com/SANYIMOE/VPN-free/master/sub,81
434,https://raw.githubusercontent.com/Sadeghi85/tg-v2ray/main/generated/subs/all,1543
435,https://raw.githubusercontent.com/SamanValipour1/My-v2ray-configs/main/MySub.txt,27
436,https://raw.githubusercontent.com/SnapdragonLee/SystemProxy/master/dist/clash_config.yaml,28
437,https://raw.githubusercontent.com/SnapdragonLee/SystemProxy/master/dist/clash_config_extra.yaml,149
438,https://raw.githubusercontent.com/SnapdragonLee/SystemProxy/master/dist/clash_config_extra_US.yaml,62
439,https://raw.githubusercontent.com/Strongmiao168/v2ray/main/1203,83
440,https://raw.githubusercontent.com/Surfboardv2ray/Proxy-sorter/main/EdgeTunnel/ed,0
441,https://raw.githubusercontent.com/Surfboardv2ray/Proxy-sorter/main/output/converted.txt,122
442,https://raw.githubusercontent.com/Surfboardv2ray/Proxy-sorter/main/submerge/converted.txt,122
443,https://raw.githubusercontent.com/Surfboardv2ray/Subs/main/Raw,14
444,https://raw.githubusercontent.com/Surfboardv2ray/Subs/main/Realm,14
445,https://raw.githubusercontent.com/Surfboardv2ray/TGParse/main/splitted/hy2,5
446,https://raw.githubusercontent.com/Surfboardv2ray/Vfarid-fix/main/sub64,192
447,https://raw.githubusercontent.com/Surfboardv2ray/Vfarid-fix/master/Eternity,200
448,https://raw.githubusercontent.com/Surfboardv2ray/Vfarid-fix/master/providers/providers64,0
449,https://raw.githubusercontent.com/Surfboardv2ray/Vfarid-fix/master/python/pretest64,44
450,https://raw.githubusercontent.com/Surfboardv2ray/v2ray-worker-sub/master/Eternity,200
451,https://raw.githubusercontent.com/Surfboardv2ray/v2ray-worker-sub/master/Eternity.txt,200
452,https://raw.githubusercontent.com/Surfboardv2ray/v2ray-worker-sub/master/sub,192
453,https://raw.githubusercontent.com/Syavar/V2ray-Configs/main/OK_google.com.txt,33
454,https://raw.githubusercontent.com/Tenerome/v2ray/main/vmess.txt,119
455,https://raw.githubusercontent.com/V2raayNGConfig/KhaliJ/main/V2ray.txt,33
456,https://raw.githubusercontent.com/VahidSkndri/sub-pan/main/Sub-panpan,223
457,https://raw.githubusercontent.com/Vauth/node/main/Main,2052
458,https://raw.githubusercontent.com/Vauth/node/main/Pro,0
459,https://raw.githubusercontent.com/VpnNetwork01/vpn-net/main/README.md,81
460,https://raw.githubusercontent.com/WilliamStar007/ClashX-V2Ray-TopFreeProxy/main/combine/clash.config.yaml,337
461,https://raw.githubusercontent.com/WilliamStar007/ClashX-V2Ray-TopFreeProxy/main/combine/clashsub.txt,8
462,https://raw.githubusercontent.com/WilliamStar007/ClashX-V2Ray-TopFreeProxy/main/combine/v2ray.config.txt,50
463,https://raw.githubusercontent.com/WilliamStar007/ClashX-V2Ray-TopFreeProxy/main/combine/v2raysub.txt,7
464,https://raw.githubusercontent.com/XYZMojtaba/sub/main/adsl.txt,16
465,https://raw.githubusercontent.com/XYZMojtaba/sub/main/mci.txt,33
466,https://raw.githubusercontent.com/XYZMojtaba/sub/main/mtn.txt,198
467,https://raw.githubusercontent.com/XYZMojtaba/sub/main/mtn2.txt,0
468,https://raw.githubusercontent.com/YasserDivaR/pr0xy/main/ShadowSocks2021.txt,336
469,https://raw.githubusercontent.com/YasserDivaR/pr0xy/main/mycustom1.txt,1194
470,https://raw.githubusercontent.com/YasserDivaR/pr0xy/main/winformClash.yaml,628
471,https://raw.githubusercontent.com/ZY-404/v2ray/main/v2ray.txt,447
472,https://raw.githubusercontent.com/ZywChannel/free/main/sub,232
473,https://raw.githubusercontent.com/a2470982985/getNode/main/clash.yaml,22
474,https://raw.githubusercontent.com/a313132121/v2rayn/main/everydaynode,102
475,https://raw.githubusercontent.com/abshare/abshare.github.io/main/README.md,58
476,https://raw.githubusercontent.com/adiwzx/freenode/main/adispeed.txt,89
477,https://raw.githubusercontent.com/adiwzx/freenode/main/adispeed.yml,80
478,https://raw.githubusercontent.com/adminaliang/v2ray/main/v2ray,16
479,https://raw.githubusercontent.com/aiboboxx/clashfree/main/clash.yml,49
480,https://raw.githubusercontent.com/aiboboxx/kexueshangwang/main/README.md,108
481,https://raw.githubusercontent.com/aiboboxx/v2rayfree/main/README.md,77
482,https://raw.githubusercontent.com/aiboboxx/v2rayfree/main/v2,49
483,https://raw.githubusercontent.com/alanbobs999/TopFreeProxies/master/sub/sub_merge_yaml.yml,0
484,https://raw.githubusercontent.com/amin4139/share_file/main/Fastly_ConfigTestHiddifyXray,0
485,https://raw.githubusercontent.com/amirhosein24/v2ray-config-farmer/main/zout.txt,292
486,https://raw.githubusercontent.com/anaer/Sub/main/clash.yaml,672
487,https://raw.githubusercontent.com/anorika77/v2ray-subscribe/main/README.md,72
488,https://raw.githubusercontent.com/asakura42/vss/master/output.txt,70
489,https://raw.githubusercontent.com/awesome-vpn/awesome-vpn/master/all,75
490,https://raw.githubusercontent.com/awesome-vpn/awesome-vpn/master/ss,60
491,https://raw.githubusercontent.com/azadiazinjamigzare/Hiddify/main/Sub,369
492,https://raw.githubusercontent.com/azavaxhuman/Quick_Warp_on_Warp/main/install.sh,313
493,https://raw.githubusercontent.com/baby610/Clash/main/ClashSC,43
494,https://raw.githubusercontent.com/baip01/clash/main/clash,21
495,https://raw.githubusercontent.com/baip01/yhkj/main/v2ray,102
496,https://raw.githubusercontent.com/baipiao0/baipiao02/main/v2ray,23
497,https://raw.githubusercontent.com/bamdad23/testes/main/Hysteria2_IP4_%26_IP6,187
498,https://raw.githubusercontent.com/bamdad23/testes/main/IIAFP,0
499,https://raw.githubusercontent.com/barry-far/V2ray-Configs/main/All_Configs_Sub.txt,4346
500,https://raw.githubusercontent.com/barry-far/V2ray-Configs/main/Splitted-By-Protocol/ss.txt,1044
501,https://raw.githubusercontent.com/barry-far/V2ray-Configs/main/Splitted-By-Protocol/trojan.txt,702
502,https://raw.githubusercontent.com/barry-far/V2ray-Configs/main/Splitted-By-Protocol/vless.txt,2099
503,https://raw.githubusercontent.com/barry-far/V2ray-Configs/main/Splitted-By-Protocol/vmess.txt,514
504,https://raw.githubusercontent.com/bingoYB/node_processing/main/dist/all.yaml,69
505,https://raw.githubusercontent.com/budamu/clashconfig/main/clash.yaml,36
506,https://raw.githubusercontent.com/budamu/clashconfig/main/v2ray.txt,23
507,https://raw.githubusercontent.com/budamu/clashconfig/main/v2ray2.txt,140
508,https://raw.githubusercontent.com/caijh/FreeProxiesScraper/main/README.md,161
509,https://raw.githubusercontent.com/ccnndwa/SSR/main/SSR,29
510,https://raw.githubusercontent.com/cdp2020/v2ray/master/README.md,15
511,https://raw.githubusercontent.com/chengaopan/AutoMergePublicNodes/master/list.yml,112
512,https://raw.githubusercontent.com/chengaopan/AutoMergePublicNodes/master/list_raw.txt,113
513,https://raw.githubusercontent.com/chfchf0306/clash/main/clash,448
514,https://raw.githubusercontent.com/chongdong1230/dxz/main/clash,90
515,https://raw.githubusercontent.com/clashconfig/online/main/Dark_Base.txt,419
516,https://raw.githubusercontent.com/clashconfig/online/main/wevpn.yml,69
517,https://raw.githubusercontent.com/codingbox/Free-Node-Merge/main/node.txt,44
518,https://raw.githubusercontent.com/coldwater-10/HiN-VPN/main/subscription/base64/hysteria2,14
519,https://raw.githubusercontent.com/coldwater-10/HiN-VPN/main/subscription/normal/hysteria2,14
520,https://raw.githubusercontent.com/coldwater-10/V2Hub3/main/merged_base64,819
521,https://raw.githubusercontent.com/coldwater-10/V2Hub4/main/merged_base64,342
522,https://raw.githubusercontent.com/coldwater-10/V2Hub5/main/merged_base64,547
523,https://raw.githubusercontent.com/coldwater-10/V2RayAggregator/master/sub/splitted/ssr.txt,45
524,https://raw.githubusercontent.com/coldwater-10/V2ray-Configs/main/Splitted-By-Protocol/ssr.txt,5
525,https://raw.githubusercontent.com/coldwater-10/V2rayCollectorLire/main/ss_iran.txt,89
526,https://raw.githubusercontent.com/coldwater-10/V2rayCollectorLire/main/trojan_iran.txt,112
527,https://raw.githubusercontent.com/coldwater-10/V2rayCollectorLire/main/vless_iran.txt,397
528,https://raw.githubusercontent.com/coldwater-10/V2rayCollectorLire/main/vmess_iran.txt,69
529,https://raw.githubusercontent.com/coldwater-10/V2rayCollectorVpnclashfa/main/ss_iran.txt,88
530,https://raw.githubusercontent.com/coldwater-10/V2rayCollectorVpnclashfa/main/trojan_iran.txt,179
531,https://raw.githubusercontent.com/coldwater-10/V2rayCollectorVpnclashfa/main/vless_iran.txt,146
532,https://raw.githubusercontent.com/coldwater-10/V2rayCollectorVpnclashfa/main/vmess_iran.txt,124
533,https://raw.githubusercontent.com/coldwater-10/V2rayCollector_mahsaserver/main/ss_iran.txt,6
534,https://raw.githubusercontent.com/coldwater-10/V2rayCollector_mahsaserver/main/trojan_iran.txt,18
535,https://raw.githubusercontent.com/coldwater-10/V2rayCollector_mahsaserver/main/vless_iran.txt,691
536,https://raw.githubusercontent.com/coldwater-10/V2rayCollector_mahsaserver/main/vmess_iran.txt,50
537,https://raw.githubusercontent.com/coldwater-10/Vpnclashfa/main/raw/hy2.txt,86
538,https://raw.githubusercontent.com/coldwater-10/Vpnclashfa/main/raw/tuic%20%26%20hy2.txt,1074
539,https://raw.githubusercontent.com/cxr9912/cxr2022/main/free.yaml,0
540,https://raw.githubusercontent.com/cxr9912/cxr2022/main/mix.yaml,0
541,https://raw.githubusercontent.com/cxr9912/cxr2022/main/ss.yaml,7
542,https://raw.githubusercontent.com/cxr9912/cxr2022/main/ssr.yaml,0
543,https://raw.githubusercontent.com/cxr9912/cxr2022/main/vmess.yaml,68
544,https://raw.githubusercontent.com/dalazhi/v2ray/main/v2ray%E8%AE%A2%E9%98%85,18
545,https://raw.githubusercontent.com/deepinor/v2ray_luck/master/sub.txt,84
546,https://raw.githubusercontent.com/dimzon/scaling-sniffle/main/all-domains-dedup-sort.txt,3888
547,https://raw.githubusercontent.com/dimzon/scaling-sniffle/main/all-domains-sort.txt,7798
548,https://raw.githubusercontent.com/dimzon/scaling-sniffle/main/all-ip-resolve-sort.txt,7805
549,https://raw.githubusercontent.com/dimzon/scaling-sniffle/main/all-sort.txt,9741
550,https://raw.githubusercontent.com/dimzon/scaling-sniffle/main/unknown.lst,11301
551,https://raw.githubusercontent.com/dongchengjie/airport/main/subs/_pool.yaml,1259
552,https://raw.githubusercontent.com/dongchengjie/proxy_workers/main/subs/fromzero.yaml,788
553,https://raw.githubusercontent.com/dongchengjie/proxy_workers/main/subs/shunfeng.yaml,352
554,https://raw.githubusercontent.com/dongchengjie/proxy_workers/main/subs/yudou.yaml,32
555,https://raw.githubusercontent.com/du5/free/master/file/0909/Clash.yaml,34
556,https://raw.githubusercontent.com/du5/free/master/sub.list,82
557,https://raw.githubusercontent.com/electron-v2ray/Telegram-Config-Dumpr/main/config.txt,67
558,https://raw.githubusercontent.com/ermaozi/get_subscribe/main/subscribe/clash.yml,17
559,https://raw.githubusercontent.com/ermaozi/get_subscribe/main/subscribe/v2ray.txt,32
560,https://raw.githubusercontent.com/ermaozi01/free_clash_vpn/main/subscribe/clash.yml,18
561,https://raw.githubusercontent.com/ermaozi01/free_clash_vpn/main/subscribe/v2ray.txt,32
562,https://raw.githubusercontent.com/ew732e8d8h1hi/q832yqwdu21u/main/out.txt,0
563,https://raw.githubusercontent.com/feng-1995/5.8-2/main/README.md,34
564,https://raw.githubusercontent.com/firefoxmmx2/v2rayshare_subcription/main/subscription/clash_sub.yaml,17
565,https://raw.githubusercontent.com/firefoxmmx2/v2rayshare_subcription/main/subscription/vray_sub.txt,27
566,https://raw.githubusercontent.com/free18/v2ray/main/Clash.yaml,0
567,https://raw.githubusercontent.com/freebaipiao/freebaipiao/main/freebaipiao.yaml,43
568,https://raw.githubusercontent.com/freebaipiao/freebaipiao/main/freebaipiaov2.txt,43
569,https://raw.githubusercontent.com/freebaipiao/freebaipiao/main/jiassweetoy3.yaml,6
570,https://raw.githubusercontent.com/freefq/free/master/README.md,30
571,https://raw.githubusercontent.com/freefq/free/master/v2,15
572,https://raw.githubusercontent.com/freev2rayconfig/V2RAY_SUBSCRIPTION_LINK/main/v2rayconfigs.txt,0
573,https://raw.githubusercontent.com/gitbigg/permalink/main/subscribe,19
574,https://raw.githubusercontent.com/githubvpn007/v2rayNvpn/main/README.md,311
575,https://raw.githubusercontent.com/go4sharing/sub/main/sub.yaml,172
576,https://raw.githubusercontent.com/go4sharing/sub/main/sub.yaml#,172
577,https://raw.githubusercontent.com/go4sharing/sub/main/sub.yaml#@iranargo%20sub%20mci%201,172
578,https://raw.githubusercontent.com/gooooooooooooogle/Clash-Config/main/Clash.yaml,1
579,https://raw.githubusercontent.com/gtang8/SubCrawler/main/sub/share/all,67
580,https://raw.githubusercontent.com/hermanb001/ProxyTest/main/subscribe/3wking,126
581,https://raw.githubusercontent.com/hermanb001/ProxyTest/main/subscribe/cloudkingzst,965
582,https://raw.githubusercontent.com/hermanb001/ProxyTest/main/subscribe/eu-proxypool,13
583,https://raw.githubusercontent.com/hermanb001/ProxyTest/main/subscribe/free886,0
584,https://raw.githubusercontent.com/hermanb001/ProxyTest/main/subscribe/guobang,0
585,https://raw.githubusercontent.com/hermanb001/ProxyTest/main/subscribe/hellopool,118
586,https://raw.githubusercontent.com/hermanb001/ProxyTest/main/subscribe/jingfu,267
587,https://raw.githubusercontent.com/hermanb001/ProxyTest/main/subscribe/lonxin,0
588,https://raw.githubusercontent.com/hermanb001/ProxyTest/main/subscribe/origamiboy,81
589,https://raw.githubusercontent.com/hermanb001/ProxyTest/main/subscribe/sspool,34
590,https://raw.githubusercontent.com/hermanb001/ProxyTest/main/subscribe/us-proxypool,12
591,https://raw.githubusercontent.com/hicloudi/officialinquire/main/README.md,50
592,https://raw.githubusercontent.com/hkaa0/link/main/sub/v2ray,15
593,https://raw.githubusercontent.com/hkaa0/permalink/e8f97142d083c0f5dac55af7b6531b300f273b4d/proxy/V2ray,56
594,https://raw.githubusercontent.com/hkaa0/permalink/main/proxy/clash,0
595,https://raw.githubusercontent.com/hkpc/V2ray-Configs/main/All_Configs_Sub.txt,5837
596,https://raw.githubusercontent.com/holms2012/vtor/main/shj2.txt,17
597,https://raw.githubusercontent.com/hotsymbol/vpnsetting/master/v2rayopen,14
598,https://raw.githubusercontent.com/hsb4657/v2ray/main/lastest.txt,27
599,https://raw.githubusercontent.com/huaxinCLUB/NodeSpider/master/newYaml/mattkaydiary.yaml,33
600,https://raw.githubusercontent.com/huaxinCLUB/NodeSpider/master/newYaml/newestWB.yaml,51
601,https://raw.githubusercontent.com/huaxinCLUB/NodeSpider/master/newYaml/newestYT.yaml,24
602,https://raw.githubusercontent.com/igeekshare/GeekshareFreeNode/main/clash/Geekshare.yaml,13
603,https://raw.githubusercontent.com/imohammadkhalili/V2RAY/main/Mkhalili,196
604,https://raw.githubusercontent.com/itsyebekhe/HiN-VPN/main/subscription/base64/ss,0
605,https://raw.githubusercontent.com/itsyebekhe/HiN-VPN/main/subscription/base64/trojan,0
606,https://raw.githubusercontent.com/itsyebekhe/HiN-VPN/main/subscription/base64/vless,0
607,https://raw.githubusercontent.com/itsyebekhe/HiN-VPN/main/subscription/base64/vmess,0
608,https://raw.githubusercontent.com/itsyebekhe/HiN-VPN/main/subscription/normal/hysteria2,0
609,https://raw.githubusercontent.com/itsyebekhe/HiN-VPN/main/subscription/normal/mix,0
610,https://raw.githubusercontent.com/itxve/fetch-clash-node/main/node/ClashNode.yaml,23
611,https://raw.githubusercontent.com/iwxf/free-v2ray/master/index.html,39
612,https://raw.githubusercontent.com/jahangirGH/sublinks/main/tuicsub.txt#IrancpinetSub1,52
613,https://raw.githubusercontent.com/jikelonglie/meskell/main/meskell,12
614,https://raw.githubusercontent.com/jiquanxiang/abc/main/v7,43
615,https://raw.githubusercontent.com/jkchen3/speedo4601.ga/main/README.md,39
616,https://raw.githubusercontent.com/jkchen3/speedo4601.ml/main/README.md,11
617,https://raw.githubusercontent.com/jkchen3/workers/main/README.md,15
618,https://raw.githubusercontent.com/jkchen3/xray/main/README.md,19
619,https://raw.githubusercontent.com/jw853355718/clash_233/master/config.yml,0
620,https://raw.githubusercontent.com/kaoxindalao/v2raycheshi/main/v2raycheshi,210
621,https://raw.githubusercontent.com/kazabelica/Optimized-Server-List/main/ping-all.yaml,55
622,https://raw.githubusercontent.com/kevin-wud/v2ray-node/main/clash.yaml,75
623,https://raw.githubusercontent.com/kxswa/k/k/base64,0
624,https://raw.githubusercontent.com/lagzian/SS-Collector/main/mix_clash.yaml,121
625,https://raw.githubusercontent.com/lanfxx/clashtest/main/clash0221,20
626,https://raw.githubusercontent.com/lcx12901/v2ray-/master/sspool.herokuapp.com/yzcloud.yaml,0
627,https://raw.githubusercontent.com/lcx12901/v2ray-/master/sspool.herokuapp.com/yzcloud2.yaml,0
628,https://raw.githubusercontent.com/learnhard-cn/free_proxy_ss/main/clash/clash.provider.yaml,0
629,https://raw.githubusercontent.com/learnhard-cn/free_proxy_ss/main/clash/config.yaml,0
630,https://raw.githubusercontent.com/learnhard-cn/free_proxy_ss/main/clash/providers/provider_free.yaml,0
631,https://raw.githubusercontent.com/learnhard-cn/free_proxy_ss/main/clash/providers/provider_netflix.yaml,0
632,https://raw.githubusercontent.com/learnhard-cn/free_proxy_ss/main/clash/providers/provider_outwall.yaml,0
633,https://raw.githubusercontent.com/learnhard-cn/free_proxy_ss/main/config.yaml,100
634,https://raw.githubusercontent.com/learnhard-cn/free_proxy_ss/main/free,8
635,https://raw.githubusercontent.com/learnhard-cn/free_proxy_ss/main/ss/sssub,4
636,https://raw.githubusercontent.com/learnhard-cn/free_proxy_ss/main/ssr/ssrsub,2
637,https://raw.githubusercontent.com/learnhard-cn/free_proxy_ss/main/v2ray/v2raysub,4
638,https://raw.githubusercontent.com/lflflf999/0516/main/BX-JD,94
639,https://raw.githubusercontent.com/liketolivefree/kobabi/main/sub_all.txt,1111
640,https://raw.githubusercontent.com/lisylva-lee/v2dyku/main/ssr,0
641,https://raw.githubusercontent.com/lisylva-lee/v2dyku/main/v2dy,0
642,https://raw.githubusercontent.com/luxl-1379/merge/77247d23def72b25226dfa741614e9b07a569c72/sub/sub_merge_base64.txt,578
643,https://raw.githubusercontent.com/luxl-1379/merge/main/sub/sub_merge_base64.txt,29
644,https://raw.githubusercontent.com/luxl-1379/merge/master/sub/list/24.txt,584
645,https://raw.githubusercontent.com/luxl-1379/merge/master/sub/list/38.txt,127
646,https://raw.githubusercontent.com/luxl-1379/merge/master/sub/sub_merge.txt,648
647,https://raw.githubusercontent.com/mahdibland/SSAggregator/master/sub/airport_merge_base64.txt,61
648,https://raw.githubusercontent.com/mahdibland/SSAggregator/master/sub/airport_sub_merge.txt,61
649,https://raw.githubusercontent.com/mahdibland/SSAggregator/master/sub/sub_merge.txt,5779
650,https://raw.githubusercontent.com/mahdibland/SSAggregator/master/sub/sub_merge_yaml.yml,5782
651,https://raw.githubusercontent.com/mahdibland/ShadowsocksAggregator/master/Eternity,200
652,https://raw.githubusercontent.com/mahdibland/ShadowsocksAggregator/master/Eternity.txt,200
653,https://raw.githubusercontent.com/mahdibland/ShadowsocksAggregator/master/Eternity.yml,201
654,https://raw.githubusercontent.com/mahdibland/ShadowsocksAggregator/master/EternityAir,61
655,https://raw.githubusercontent.com/mahdibland/ShadowsocksAggregator/master/EternityAir.txt,61
656,https://raw.githubusercontent.com/mahdibland/ShadowsocksAggregator/master/sub/splitted/ss.txt,2223
657,https://raw.githubusercontent.com/mahdibland/ShadowsocksAggregator/master/sub/splitted/ssr.txt,19
658,https://raw.githubusercontent.com/mahdibland/ShadowsocksAggregator/master/sub/splitted/trojan.txt,684
659,https://raw.githubusercontent.com/mahdibland/ShadowsocksAggregator/master/sub/splitted/vmess.txt,2852
660,https://raw.githubusercontent.com/mahdibland/ShadowsocksAggregator/master/sub/sub_merge.txt,5779
661,https://raw.githubusercontent.com/mahdibland/V2RayAggregator/master/Eternity,200
662,https://raw.githubusercontent.com/mahdibland/V2RayAggregator/master/Eternity.txt,200
663,https://raw.githubusercontent.com/mahdibland/V2RayAggregator/master/EternityAir,61
664,https://raw.githubusercontent.com/mahdibland/V2RayAggregator/master/EternityAir.txt,61
665,https://raw.githubusercontent.com/mahdibland/V2RayAggregator/master/EternityBase,5779
666,https://raw.githubusercontent.com/mahdibland/V2RayAggregator/master/sub/airport_merge_base64.txt,61
667,https://raw.githubusercontent.com/mahdibland/V2RayAggregator/master/sub/airport_sub_merge.txt,61
668,https://raw.githubusercontent.com/mahdibland/V2RayAggregator/master/sub/splitted/ss.txt,2223
669,https://raw.githubusercontent.com/mahdibland/V2RayAggregator/master/sub/splitted/ssr.txt,19
670,https://raw.githubusercontent.com/mahdibland/V2RayAggregator/master/sub/splitted/trojan.txt,684
671,https://raw.githubusercontent.com/mahdibland/V2RayAggregator/master/sub/splitted/vmess.txt,2852
672,https://raw.githubusercontent.com/mahdibland/V2RayAggregator/master/sub/sub_merge.txt,5779
673,https://raw.githubusercontent.com/mahdibland/V2RayAggregator/master/sub/sub_merge_base64.txt,0
674,https://raw.githubusercontent.com/mahdibland/V2RayAggregator/master/sub/sub_merge_yaml.yml,5782
675,https://raw.githubusercontent.com/mahdibland/get_v2/main/pub/Matsuri,13
676,https://raw.githubusercontent.com/mahdibland/get_v2/main/pub/cfmem.yaml,51
677,https://raw.githubusercontent.com/mahdibland/get_v2/main/pub/changfengoss0.yaml,9
678,https://raw.githubusercontent.com/mahdibland/get_v2/main/pub/changfengoss1.yaml,10
679,https://raw.githubusercontent.com/mahdibland/get_v2/main/pub/changfengoss10.yaml,360
680,https://raw.githubusercontent.com/mahdibland/get_v2/main/pub/changfengoss11.yaml,68
681,https://raw.githubusercontent.com/mahdibland/get_v2/main/pub/changfengoss12.yaml,68
682,https://raw.githubusercontent.com/mahdibland/get_v2/main/pub/changfengoss13.yaml,0
683,https://raw.githubusercontent.com/mahdibland/get_v2/main/pub/changfengoss14.yaml,50
684,https://raw.githubusercontent.com/mahdibland/get_v2/main/pub/changfengoss15.yaml,7
685,https://raw.githubusercontent.com/mahdibland/get_v2/main/pub/changfengoss16.yaml,19
686,https://raw.githubusercontent.com/mahdibland/get_v2/main/pub/changfengoss17.yaml,10
687,https://raw.githubusercontent.com/mahdibland/get_v2/main/pub/changfengoss2.yaml,9
688,https://raw.githubusercontent.com/mahdibland/get_v2/main/pub/changfengoss3.yaml,127
689,https://raw.githubusercontent.com/mahdibland/get_v2/main/pub/changfengoss4.yaml,50
690,https://raw.githubusercontent.com/mahdibland/get_v2/main/pub/changfengoss5.yaml,10
691,https://raw.githubusercontent.com/mahdibland/get_v2/main/pub/changfengoss6.yaml,49
692,https://raw.githubusercontent.com/mahdibland/get_v2/main/pub/changfengoss7.yaml,50
693,https://raw.githubusercontent.com/mahdibland/get_v2/main/pub/changfengoss8.yaml,674
694,https://raw.githubusercontent.com/mahdibland/get_v2/main/pub/changfengoss9.yaml,675
695,https://raw.githubusercontent.com/mahdibland/get_v2/main/pub/combine.yaml,263
696,https://raw.githubusercontent.com/mahdibland/get_v2/main/pub/dswang.yaml,322
697,https://raw.githubusercontent.com/mahdibland/get_v2/main/pub/jiang.yaml,245
698,https://raw.githubusercontent.com/mahdibland/get_v2/main/pub/mattkaydiary.yaml,42
699,https://raw.githubusercontent.com/mahdibland/get_v2/main/pub/pawdroid.yaml,13
700,https://raw.githubusercontent.com/mahdibland/get_v2/main/pub/vpn.fail,999
701,https://raw.githubusercontent.com/mahsanet/MahsaFreeConfig/main/mci/sub_1.txt,30
702,https://raw.githubusercontent.com/mahsanet/MahsaFreeConfig/main/mci/sub_2.txt,30
703,https://raw.githubusercontent.com/mahsanet/MahsaFreeConfig/main/mci/sub_3.txt,30
704,https://raw.githubusercontent.com/mahsanet/MahsaFreeConfig/main/mci/sub_4.txt,30
705,https://raw.githubusercontent.com/mahsanet/MahsaFreeConfig/main/mtn/sub_1.txt,30
706,https://raw.githubusercontent.com/mahsanet/MahsaFreeConfig/main/mtn/sub_2.txt,30
707,https://raw.githubusercontent.com/mahsanet/MahsaFreeConfig/main/mtn/sub_3.txt,30
708,https://raw.githubusercontent.com/mahsanet/MahsaFreeConfig/main/mtn/sub_4.txt,30
709,https://raw.githubusercontent.com/mermeroo/Loon/main/node,432
710,https://raw.githubusercontent.com/mfuu/v2ray/b652291a32e61560264df75512cd26e5cfea7e98/merge/merge.txt,264
711,https://raw.githubusercontent.com/mfuu/v2ray/master/merge/merge.txt,91
712,https://raw.githubusercontent.com/mfuu/v2ray/master/merge/merge_base64.txt,91
713,https://raw.githubusercontent.com/mfuu/v2ray/master/v2ray,91
714,https://raw.githubusercontent.com/mheidari98/.proxy/main/all,0
715,https://raw.githubusercontent.com/mheidari98/.proxy/main/ss,2986
716,https://raw.githubusercontent.com/mheidari98/.proxy/main/vmess,4543
717,https://raw.githubusercontent.com/miladtahanian/V2Collector/main/mixed_iran.txt,411
718,https://raw.githubusercontent.com/miladtahanian/V2Collector/main/ss_iran.txt,97
719,https://raw.githubusercontent.com/miladtahanian/V2Collector/main/trojan_iran.txt,264
720,https://raw.githubusercontent.com/miladtahanian/V2Collector/main/vless_iran.txt,1313
721,https://raw.githubusercontent.com/miladtahanian/V2Collector/main/vmess_iran.txt,708
722,https://raw.githubusercontent.com/miladtahanian/V2RayCFGDumper/main/config.txt,145
723,https://raw.githubusercontent.com/misersun/config002/main/config_all.yaml,84
724,https://raw.githubusercontent.com/misersun/config003/main/config_all.yaml,133
725,https://raw.githubusercontent.com/misersun/config003/main/config_all_game.yaml,32
726,https://raw.githubusercontent.com/misersun/config003/main/config_all_quest.yaml,34
727,https://raw.githubusercontent.com/mksshare/mksshare.github.io/main/README.md,69
728,https://raw.githubusercontent.com/mlabalabala/v2ray-node/main/nodefree_nodes_mod.txt,30
729,https://raw.githubusercontent.com/mohsenhafezquran/ClashVPN/main/Clash,644
730,https://raw.githubusercontent.com/money-fly/subaddress/main/vmess.txt,766
731,https://raw.githubusercontent.com/moneyfly1/sublist/main/clash.yml,45
732,https://raw.githubusercontent.com/mostafasadeghifar/v2ray-config/main/config_file.txt,838
733,https://raw.githubusercontent.com/mraliasadi8831/Subscription-/main/profiles.txt,539
734,https://raw.githubusercontent.com/mrvcoder/V2rayCollector/main/mixed_iran.txt,2857
735,https://raw.githubusercontent.com/mrvcoder/V2rayCollector/main/ss_iran.txt,123
736,https://raw.githubusercontent.com/mrvcoder/V2rayCollector/main/trojan_iran.txt,152
737,https://raw.githubusercontent.com/mrvcoder/V2rayCollector/main/vless_iran.txt,81
738,https://raw.githubusercontent.com/mrvcoder/V2rayCollector/main/vmess_iran.txt,2433
739,https://raw.githubusercontent.com/mshojaei77/v2rayAuto/main/mix,540
740,https://raw.githubusercontent.com/nameless255/shadow/main/shadow.txt,30
741,https://raw.githubusercontent.com/nasheep/FreeNode/main/clash/PlayLab,25
742,https://raw.githubusercontent.com/nasheep/FreeNode/main/v2ray/PlayLab,25
743,https://raw.githubusercontent.com/ndsphonemy/TG-Proxy-Parser/main/config-tg.txt,14304
744,https://raw.githubusercontent.com/ndsphonemy/proxy-sub/main/all-hs-proxy.txt,56497
745,https://raw.githubusercontent.com/ndsphonemy/proxy-sub/main/default.txt,6602
746,https://raw.githubusercontent.com/ndsphonemy/proxy-sub/main/http-proxy.txt,7655
747,https://raw.githubusercontent.com/ndsphonemy/proxy-sub/main/hys-tuic.txt,27
748,https://raw.githubusercontent.com/ndsphonemy/proxy-sub/main/lt-sub-all.txt,46637
749,https://raw.githubusercontent.com/ndsphonemy/proxy-sub/main/lt-sub.txt,1848
750,https://raw.githubusercontent.com/ndsphonemy/proxy-sub/main/my.txt,3448
751,https://raw.githubusercontent.com/ndsphonemy/proxy-sub/main/ru-arch.txt,3036
752,https://raw.githubusercontent.com/ndsphonemy/proxy-sub/main/ru.txt,123
753,https://raw.githubusercontent.com/ndsphonemy/proxy-sub/main/socks-proxy.txt,1703
754,https://raw.githubusercontent.com/ndsphonemy/proxy-sub/main/speed.txt,3064
755,https://raw.githubusercontent.com/ndsphonemy/proxy-sub/main/tmp1.txt,15859
756,https://raw.githubusercontent.com/ndsphonemy/proxy-sub/main/tmp3.txt,651
757,https://raw.githubusercontent.com/norvip/azad/main/sub.txt,52
758,https://raw.githubusercontent.com/obscure1990/freeVM/master/snippets/nodes.yml,0
759,https://raw.githubusercontent.com/openRunner/clash-freenode/main/clash.yaml,0
760,https://raw.githubusercontent.com/openrunner/clash-freenode/main/clash.yaml,0
761,https://raw.githubusercontent.com/oslook/clash-freenode/main/clash.yaml,0
762,https://raw.githubusercontent.com/paimonhub/Paimonnode/main/clash.yaml,0
763,https://raw.githubusercontent.com/parkerpa/zypjj/main/clash,105
764,https://raw.githubusercontent.com/peasoft/NoMoreWalls/master/list.txt,93
765,https://raw.githubusercontent.com/peasoft/NoMoreWalls/master/list.yml,61
766,https://raw.githubusercontent.com/peasoft/NoMoreWalls/master/list_raw.txt,93
767,https://raw.githubusercontent.com/pojiezhiyuanjun/freev2/master/0416.txt,78
768,https://raw.githubusercontent.com/pojiezhiyuanjun/freev2/master/1031.txt,107
769,https://raw.githubusercontent.com/pojiezhiyuanjun/freev2/master/1225.txt,149
770,https://raw.githubusercontent.com/proSSHvpn/proSSHvpn/main/sub,11
771,https://raw.githubusercontent.com/proxifly/free-proxy-list/main/proxies/protocols/http/data.txt,12078
772,https://raw.githubusercontent.com/proxifly/free-proxy-list/main/proxies/protocols/socks4/data.txt,511
773,https://raw.githubusercontent.com/proxifly/free-proxy-list/main/proxies/protocols/socks5/data.txt,230
774,https://raw.githubusercontent.com/qjlxg/V2rayCollector/main/sub/mix,0
775,https://raw.githubusercontent.com/qjlxg/aggregator/main/data/clash.yaml,246
776,https://raw.githubusercontent.com/renyige1314/CLASH/main/CLASH,60
777,https://raw.githubusercontent.com/resasanian/Mirza/main/best,145
778,https://raw.githubusercontent.com/resasanian/Mirza/main/mirza-all.txt,119
779,https://raw.githubusercontent.com/resasanian/Mirza/main/mirza-ss.txt,45
780,https://raw.githubusercontent.com/resasanian/Mirza/main/mirza-ssr.txt,158
781,https://raw.githubusercontent.com/resasanian/Mirza/main/mirza-trojan.txt,11
782,https://raw.githubusercontent.com/resasanian/Mirza/main/mirza-vless.txt,87
783,https://raw.githubusercontent.com/resasanian/Mirza/main/mirza-vmess.txt,179
784,https://raw.githubusercontent.com/resasanian/Mirza/main/ss,33
785,https://raw.githubusercontent.com/resasanian/Mirza/main/sub,119
786,https://raw.githubusercontent.com/resasanian/Mirza/main/trojan,25
787,https://raw.githubusercontent.com/resasanian/Mirza/main/vless,3
788,https://raw.githubusercontent.com/resasanian/Mirza/main/vmess,179
789,https://raw.githubusercontent.com/ripaojiedian/freenode/main/clash,20
790,https://raw.githubusercontent.com/ripaojiedian/freenode/main/sub,20
791,https://raw.githubusercontent.com/ronghuaxueleng/get_v2/main/pub/cfmem.yaml,18
792,https://raw.githubusercontent.com/ronghuaxueleng/get_v2/main/pub/changfengoss.yaml,163
793,https://raw.githubusercontent.com/ronghuaxueleng/get_v2/main/pub/combine.yaml,261
794,https://raw.githubusercontent.com/rxsweet/proxies/main/sub/free.yaml,0
795,https://raw.githubusercontent.com/rxsweet/proxies/main/sub/rx.yaml,0
796,https://raw.githubusercontent.com/rxsweet/proxies/main/sub/sources/dynamicAll.yaml,0
797,https://raw.githubusercontent.com/rxsweet/proxies/main/sub/sources/miningAll.yaml,0
798,https://raw.githubusercontent.com/rxsweet/proxies/main/sub/srx.yaml,0
799,https://raw.githubusercontent.com/sami-soft/v2rayN_proxy/main/new1.txt,452
800,https://raw.githubusercontent.com/sangowd/free_doom/main/mattkay.txt,1576
801,https://raw.githubusercontent.com/sangowd/free_doom/main/xiaoqi.txt,277
802,https://raw.githubusercontent.com/sarinaesmailzadeh/V2Hub/main/merged,0
803,https://raw.githubusercontent.com/sarinaesmailzadeh/V2Hub/main/merged_base64,0
804,https://raw.githubusercontent.com/sashalsk/V2Ray/main/V2Config,0
805,https://raw.githubusercontent.com/sh3d0ww02f/sh3d0ww02f.github.io/main/clash1.yaml,1
806,https://raw.githubusercontent.com/sh3d0ww02f/sh3d0ww02f.github.io/main/ss.config,30
807,https://raw.githubusercontent.com/sh3d0ww02f/sh3d0ww02f.github.io/main/ssr.config,13
808,https://raw.githubusercontent.com/sh3d0ww02f/sh3d0ww02f.github.io/main/trojan.config,98
809,https://raw.githubusercontent.com/sh3d0ww02f/sh3d0ww02f.github.io/main/vmess.config,149
810,https://raw.githubusercontent.com/shabane/kamaji/master/hub/b64/merged.txt,2210
811,https://raw.githubusercontent.com/sharje63/v2ray_collection/main/ver2,32
812,https://raw.githubusercontent.com/shbioc/clash/main/aaa01.yaml,20
813,https://raw.githubusercontent.com/shiran588/jiedian/main/6.11.yaml,46
814,https://raw.githubusercontent.com/shiran588/jiedian/main/jd1.txt,46
815,https://raw.githubusercontent.com/songtao1873/clash/main/subscription/others/base64,0
816,https://raw.githubusercontent.com/soroushmirzaei/telegram-configs-collector/main/channels/networks/grpc,38
817,https://raw.githubusercontent.com/soroushmirzaei/telegram-configs-collector/main/channels/networks/tcp,405
818,https://raw.githubusercontent.com/soroushmirzaei/telegram-configs-collector/main/channels/networks/ws,1307
819,https://raw.githubusercontent.com/soroushmirzaei/telegram-configs-collector/main/channels/protocols/hysteria,21
820,https://raw.githubusercontent.com/soroushmirzaei/telegram-configs-collector/main/channels/protocols/reality,23
821,https://raw.githubusercontent.com/soroushmirzaei/telegram-configs-collector/main/channels/protocols/shadowsocks,270
822,https://raw.githubusercontent.com/soroushmirzaei/telegram-configs-collector/main/channels/protocols/trojan,284
823,https://raw.githubusercontent.com/soroushmirzaei/telegram-configs-collector/main/channels/protocols/vless,1195
824,https://raw.githubusercontent.com/soroushmirzaei/telegram-configs-collector/main/channels/protocols/vmess,38
825,https://raw.githubusercontent.com/soroushmirzaei/telegram-configs-collector/main/channels/security/non-tls,346
826,https://raw.githubusercontent.com/soroushmirzaei/telegram-configs-collector/main/channels/security/tls,1253
827,https://raw.githubusercontent.com/soroushmirzaei/telegram-configs-collector/main/countries/at/mixed,20
828,https://raw.githubusercontent.com/soroushmirzaei/telegram-configs-collector/main/countries/ca/mixed,16
829,https://raw.githubusercontent.com/soroushmirzaei/telegram-configs-collector/main/countries/de/mixed,65
830,https://raw.githubusercontent.com/soroushmirzaei/telegram-configs-collector/main/countries/ee/mixed,3
831,https://raw.githubusercontent.com/soroushmirzaei/telegram-configs-collector/main/countries/es/mixed,7
832,https://raw.githubusercontent.com/soroushmirzaei/telegram-configs-collector/main/countries/fr/mixed,38
833,https://raw.githubusercontent.com/soroushmirzaei/telegram-configs-collector/main/countries/gb/mixed,48
834,https://raw.githubusercontent.com/soroushmirzaei/telegram-configs-collector/main/countries/hk/mixed,23
835,https://raw.githubusercontent.com/soroushmirzaei/telegram-configs-collector/main/countries/ie/mixed,12
836,https://raw.githubusercontent.com/soroushmirzaei/telegram-configs-collector/main/countries/ir/mixed,38
837,https://raw.githubusercontent.com/soroushmirzaei/telegram-configs-collector/main/countries/jp/mixed,17
838,https://raw.githubusercontent.com/soroushmirzaei/telegram-configs-collector/main/countries/kr/mixed,13
839,https://raw.githubusercontent.com/soroushmirzaei/telegram-configs-collector/main/countries/kz/mixed,16
840,https://raw.githubusercontent.com/soroushmirzaei/telegram-configs-collector/main/countries/na/mixed,1466
841,https://raw.githubusercontent.com/soroushmirzaei/telegram-configs-collector/main/countries/nl/mixed,44
842,https://raw.githubusercontent.com/soroushmirzaei/telegram-configs-collector/main/countries/pl/mixed,16
843,https://raw.githubusercontent.com/soroushmirzaei/telegram-configs-collector/main/countries/ru/mixed,29
844,https://raw.githubusercontent.com/soroushmirzaei/telegram-configs-collector/main/countries/se/mixed,36
845,https://raw.githubusercontent.com/soroushmirzaei/telegram-configs-collector/main/countries/sg/mixed,37
846,https://raw.githubusercontent.com/soroushmirzaei/telegram-configs-collector/main/countries/tr/mixed,6
847,https://raw.githubusercontent.com/soroushmirzaei/telegram-configs-collector/main/countries/us/mixed,648
848,https://raw.githubusercontent.com/soroushmirzaei/telegram-configs-collector/main/networks/grpc,87
849,https://raw.githubusercontent.com/soroushmirzaei/telegram-configs-collector/main/networks/tcp,643
850,https://raw.githubusercontent.com/soroushmirzaei/telegram-configs-collector/main/networks/ws,2121
851,https://raw.githubusercontent.com/soroushmirzaei/telegram-configs-collector/main/protocols/hysteria,38
852,https://raw.githubusercontent.com/soroushmirzaei/telegram-configs-collector/main/protocols/reality,32
853,https://raw.githubusercontent.com/soroushmirzaei/telegram-configs-collector/main/protocols/shadowsocks,435
854,https://raw.githubusercontent.com/soroushmirzaei/telegram-configs-collector/main/protocols/trojan,450
855,https://raw.githubusercontent.com/soroushmirzaei/telegram-configs-collector/main/protocols/tuic,5
856,https://raw.githubusercontent.com/soroushmirzaei/telegram-configs-collector/main/protocols/vless,1715
857,https://raw.githubusercontent.com/soroushmirzaei/telegram-configs-collector/main/protocols/vmess,38
858,https://raw.githubusercontent.com/soroushmirzaei/telegram-configs-collector/main/security/non-tls,590
859,https://raw.githubusercontent.com/soroushmirzaei/telegram-configs-collector/main/splitted/channels,1802
860,https://raw.githubusercontent.com/soroushmirzaei/telegram-configs-collector/main/splitted/mixed,2662
861,https://raw.githubusercontent.com/soroushmirzaei/telegram-configs-collector/main/splitted/subscribe,2653
862,https://raw.githubusercontent.com/soroushmirzaei/telegram-configs-collector/main/subscribe/layers/ipv4,2650
863,https://raw.githubusercontent.com/soroushmirzaei/telegram-configs-collector/main/subscribe/networks/grpc,91
864,https://raw.githubusercontent.com/soroushmirzaei/telegram-configs-collector/main/subscribe/networks/tcp,676
865,https://raw.githubusercontent.com/soroushmirzaei/telegram-configs-collector/main/subscribe/networks/ws,2184
866,https://raw.githubusercontent.com/soroushmirzaei/telegram-configs-collector/main/subscribe/protocols/reality,38
867,https://raw.githubusercontent.com/soroushmirzaei/telegram-configs-collector/main/subscribe/protocols/shadowsocks,445
868,https://raw.githubusercontent.com/soroushmirzaei/telegram-configs-collector/main/subscribe/protocols/trojan,471
869,https://raw.githubusercontent.com/soroushmirzaei/telegram-configs-collector/main/subscribe/protocols/vless,1874
870,https://raw.githubusercontent.com/soroushmirzaei/telegram-configs-collector/main/subscribe/protocols/vmess,41
871,https://raw.githubusercontent.com/soroushmirzaei/telegram-configs-collector/main/subscribe/security/non-tls,586
872,https://raw.githubusercontent.com/soroushmirzaei/telegram-configs-collector/main/subscribe/security/tls,2070
873,https://raw.githubusercontent.com/ssrsub/ssr/master/Clash.yml,0
874,https://raw.githubusercontent.com/ssrsub/ssr/master/V2Ray,53
875,https://raw.githubusercontent.com/ssrsub/ssr/master/ss-sub,257
876,https://raw.githubusercontent.com/ssrsub/ssr/master/ssrsub,7
877,https://raw.githubusercontent.com/ssrsub/ssr/master/trojan,51
878,https://raw.githubusercontent.com/sun9426/sun9426.github.io/main/subscribe/Clash.yaml,449
879,https://raw.githubusercontent.com/sun9426/sun9426.github.io/main/subscribe/v2ray.txt,449
880,https://raw.githubusercontent.com/suweisheng/test/main/clash.yaml,0
881,https://raw.githubusercontent.com/szkjw/HKTW503/main/README.md,15
882,https://raw.githubusercontent.com/tbbatbb/Proxy/master/dist/clash.config.yaml,0
883,https://raw.githubusercontent.com/theGreatPeter/v2rayNodes/main/nodes.txt,684
884,https://raw.githubusercontent.com/tjyu010/jiedian/main/21,37
885,https://raw.githubusercontent.com/tony0392/clash/main/clash.yaml,76
886,https://raw.githubusercontent.com/ts-sf/fly/main/clash,200
887,https://raw.githubusercontent.com/ts-sf/fly/main/v2,201
888,https://raw.githubusercontent.com/txmiaomiaowu/openitr/main/long,313
889,https://raw.githubusercontent.com/udonlover420/lsd-cf-sub/main/lsd.txt,14
890,https://raw.githubusercontent.com/umelabs/node.umelabs.dev/master/Subscribe/v2ray.md,5
891,https://raw.githubusercontent.com/visiti/clash-node/main/clash-node.yaml,55
892,https://raw.githubusercontent.com/voken1/AutoSSR/master/recent,11
893,https://raw.githubusercontent.com/voken100g/AutoSSR/master/online,8
894,https://raw.githubusercontent.com/voken100g/AutoSSR/master/recent,11
895,https://raw.githubusercontent.com/vpei/Free-Node-Merge/main/out/clash.yaml,0
896,https://raw.githubusercontent.com/vpei/Free-Node-Merge/main/res/nod-0.txt,0
897,https://raw.githubusercontent.com/vpei/Free-Node-Merge/main/res/nod-1.txt,0
898,https://raw.githubusercontent.com/vpei/Free-Node-Merge/main/res/nod-2.txt,0
899,https://raw.githubusercontent.com/vpei/Free-Node-Merge/main/res/nod-3.txt,0
900,https://raw.githubusercontent.com/vpei/Free-Node-Merge/main/res/nod-4.txt,0
901,https://raw.githubusercontent.com/vpei/Free-Node-Merge/main/res/nod-5.txt,0
902,https://raw.githubusercontent.com/vpei/free-node-1/main/o/proxies.txt,256
903,https://raw.githubusercontent.com/vpnmarket/sub/main/hiddify1.txt,70
904,https://raw.githubusercontent.com/vpnmarket/sub/main/hiddify2.txt,42
905,https://raw.githubusercontent.com/vpnmarket/sub/main/hiddify3.txt,33
906,https://raw.githubusercontent.com/vveg26/SubAutoConv/main/sub/clash/url1.yaml,0
907,https://raw.githubusercontent.com/vveg26/SubAutoConv/main/sub/clash/url2.yaml,0
908,https://raw.githubusercontent.com/vveg26/SubAutoConv/main/sub/clash/url3.yaml,0
909,https://raw.githubusercontent.com/vveg26/SubAutoConv/main/sub/clash/url4.yaml,0
910,https://raw.githubusercontent.com/vveg26/chromego_merge/main/sub/merged_proxies.yaml,0
911,https://raw.githubusercontent.com/vveg26/get_proxy/main/dist/clash.config.yaml,0
912,https://raw.githubusercontent.com/vxiaov/free_proxies/main/clash/clash.provider.yaml,98
913,https://raw.githubusercontent.com/w1770946466/Auto_proxy/main/Long_term_subscription1,70
914,https://raw.githubusercontent.com/w1770946466/Auto_proxy/main/Long_term_subscription1.yaml,188
915,https://raw.githubusercontent.com/w1770946466/Auto_proxy/main/Long_term_subscription2,71
916,https://raw.githubusercontent.com/w1770946466/Auto_proxy/main/Long_term_subscription3,71
917,https://raw.githubusercontent.com/w1770946466/Auto_proxy/main/Long_term_subscription4,71
918,https://raw.githubusercontent.com/w1770946466/Auto_proxy/main/Long_term_subscription5,71
919,https://raw.githubusercontent.com/w1770946466/Auto_proxy/main/Long_term_subscription6,71
920,https://raw.githubusercontent.com/w1770946466/Auto_proxy/main/Long_term_subscription7,71
921,https://raw.githubusercontent.com/w1770946466/Auto_proxy/main/Long_term_subscription8,65
922,https://raw.githubusercontent.com/w1770946466/Auto_proxy/main/Long_term_subscription_num,561
923,https://raw.githubusercontent.com/w1770946466/Auto_proxy/main/Long_term_subscription_try,193
924,https://raw.githubusercontent.com/webdao/v2ray/master/nodes.txt,364
925,https://raw.githubusercontent.com/wei/ssr-scraper/master/subscribe.txt,978
926,https://raw.githubusercontent.com/wlswagger/jiedian/main/5.11,53
927,https://raw.githubusercontent.com/wrfree/free/main/README.md,67
928,https://raw.githubusercontent.com/wrfree/free/main/v2,52
929,https://raw.githubusercontent.com/wwwzywasia/free/main/sub,232
930,https://raw.githubusercontent.com/wyq00000/test/main/data/test1,18
931,https://raw.githubusercontent.com/xbuffer/ClashData/main/Eternity.yaml,91
932,https://raw.githubusercontent.com/xiyaowong/freeFQ/main/v2ray,165
933,https://raw.githubusercontent.com/yaney01/Yaney01/main/README.md,35
934,https://raw.githubusercontent.com/yaney01/Yaney01/main/temporary,38
935,https://raw.githubusercontent.com/yaney01/Yaney01/main/yaney_01,27
936,https://raw.githubusercontent.com/yaney01/autoproxy/master/Eternity,200
937,https://raw.githubusercontent.com/yaney01/chromego_merge/main/sub/merged_proxies_new.yaml,285
938,https://raw.githubusercontent.com/yebekhe/TVC/main/subscriptions/xray/base64/mix,0
939,https://raw.githubusercontent.com/yebekhe/TVC/main/subscriptions/xray/base64/ss,0
940,https://raw.githubusercontent.com/yebekhe/TVC/main/subscriptions/xray/base64/trojan,0
941,https://raw.githubusercontent.com/yebekhe/TVC/main/subscriptions/xray/base64/vless,0
942,https://raw.githubusercontent.com/yebekhe/TVC/main/subscriptions/xray/base64/vmess,0
943,https://raw.githubusercontent.com/yebekhe/TelegramV2rayCollector/main/sub/base64/donated,0
944,https://raw.githubusercontent.com/yebekhe/TelegramV2rayCollector/main/sub/base64/shadowsocks,0
945,https://raw.githubusercontent.com/yebekhe/TelegramV2rayCollector/main/sub/base64/trojan,0
946,https://raw.githubusercontent.com/yebekhe/TelegramV2rayCollector/main/sub/base64/vless,0
947,https://raw.githubusercontent.com/yebekhe/TelegramV2rayCollector/main/sub/base64/vmess,0
948,https://raw.githubusercontent.com/yebekhe/TelegramV2rayCollector/main/sub/normal/mix,0
949,https://raw.githubusercontent.com/youfoundamin/V2rayCollector/main/mixed_iran.txt,588
950,https://raw.githubusercontent.com/youfoundamin/V2rayCollector/main/ss_iran.txt,460
951,https://raw.githubusercontent.com/youfoundamin/V2rayCollector/main/trojan_iran.txt,386
952,https://raw.githubusercontent.com/youfoundamin/V2rayCollector/main/vless_iran.txt,2258
953,https://raw.githubusercontent.com/youfoundamin/V2rayCollector/main/vmess_iran.txt,741
954,https://raw.githubusercontent.com/youkai0100/youkai/master/Eternity.yaml,92
955,https://raw.githubusercontent.com/youkai0100/youkai/master/README.md,169
956,https://raw.githubusercontent.com/yu-steven/openit/main/Clash.yaml,0
957,https://raw.githubusercontent.com/yu-steven/openit/main/sub/url2,0
958,https://raw.githubusercontent.com/yukikazemiyuki/dingyue/main/clash.yaml,65
959,https://raw.githubusercontent.com/yyyr-otz/tele-providers-collector/master/script/raw/protocols/vless-CDN.txt,2821
960,https://raw.githubusercontent.com/yyyr-otz/tele-providers-collector/master/script/raw/protocols/vless.txt,8292
961,https://raw.githubusercontent.com/zhangkaiitugithub/passcro/main/speednodes.yaml,34
962,https://raw.githubusercontent.com/zhlx2835/freefq/main/clash.yaml,19
963,https://raw.githubusercontent.com/zhlx2835/freefq/main/v2,19
964,https://raw.githubusercontent.com/zjfb/SubCrawler/main/sub/share/all,2004
965,https://raw.githubusercontent.com/zjr13808836946/zjr_clash/main/V2_SSR_M,23
966,https://raw.githubusercontent.com/zonghewang/get_subscribe/main/subscribe/clash.yml,23
967,https://raw.githubusercontent.com/zyzmzyz/free-nodes/master/Clash.yml,97
968,https://raw.githubusercontent.com/zzz6839/SubCrawler/main/sub/share/all,60
969,https://raw.gitslow.tk/yu-steven/openit/main/Clash.yaml,0
970,https://servers.astms.com/api/sub?v=2.0.3&ref=bevpn.net,1
971,https://shadowmere.akiel.dev/api/b64sub,1571
972,https://sub.pmsub.me/base64,2
973,https://sub.reajason.eu.org/clash.yaml,63
974,https://sub.sharecentre.online/sub,2
975,https://subs.zeabur.app/clash,10
976,https://v2.bgp.dedyn.io/ssb,18
977,https://v2ray.neocities.org/v2ray.txt,1
978,https://v2rayshare.com/wp-content/uploads/2024/03/20240320.txt,50
979,https://vpn.fail/free-proxy/v2ray,207
980,https://www.ckcloud.xyz/api/v1/client/subscribe?token=528fedb391871a0a9b557c5369781ba9,0
981,https://www.xrayvip.com/free.yaml,9
982,https://xn--30rs3bu7r87f.com/api/v1/client/subscribe?token=2b981ee5d0170cb3196bcf7017148807,0
983,https://youlianboshi.netlify.app,8
984,https://yugogo.xyz/?p=1117,578
985,dynamic://kkzui,0
986,dynamic://sharkdoor,12

总计,,31877
